{"cameraMode":{"drawMode":0,"name":"Shaded","section":"Shading Mode"},"sceneLighting":false,"audioPlay":false,"sceneViewState":{"showFog":true,"showMaterialUpdate":false,"showSkybox":false,"showFlares":true,"showImageEffects":true,"showParticleSystems":true},"in2DMode":false,"pivot":{"x":-0.5600000023841858,"y":2.5,"z":11.859999656677246},"rotation":{"x":-0.28001025319099429,"y":0.34325581789016726,"z":-0.10799986869096756,"w":-0.8900212645530701},"size":12.762961387634278,"orthographic":false}