{"cameraMode":{"drawMode":0,"name":"Shaded","section":"Shading Mode"},"sceneLighting":false,"audioPlay":false,"sceneViewState":{"showFog":true,"showMaterialUpdate":true,"showSkybox":false,"showFlares":true,"showImageEffects":true,"showParticleSystems":true},"in2DMode":false,"pivot":{"x":-0.3400000035762787,"y":0.7049999833106995,"z":0.4749999940395355},"rotation":{"x":-0.3141060769557953,"y":-0.04071357101202011,"z":0.013484303839504719,"w":-0.9484512209892273},"size":15.272869110107422,"orthographic":false}