{"cameraMode":{"drawMode":0,"name":"Shaded","section":"Shading Mode"},"sceneLighting":false,"audioPlay":false,"sceneViewState":{"showFog":true,"showMaterialUpdate":false,"showSkybox":false,"showFlares":true,"showImageEffects":true,"showParticleSystems":true},"in2DMode":false,"pivot":{"x":-8.497734069824219,"y":3.782195568084717,"z":0.7546777725219727},"rotation":{"x":-0.30098822712898257,"y":0.10897181928157807,"z":-0.034652043133974078,"w":-0.9467666745185852},"size":6.512292385101318,"orthographic":false}