{"cameraMode":{"drawMode":0,"name":"Shaded","section":"Shading Mode"},"sceneLighting":true,"audioPlay":false,"sceneViewState":{"showFog":true,"showMaterialUpdate":true,"showSkybox":true,"showFlares":true,"showImageEffects":true,"showParticleSystems":true},"in2DMode":false,"pivot":{"x":-16.880218505859376,"y":-62.7027587890625,"z":19.67529296875},"rotation":{"x":-0.3583439290523529,"y":0.16044434905052186,"z":-0.06264926493167877,"w":-0.9175971150398254},"size":956.7363891601563,"orthographic":false}