{"cameraMode":{"drawMode":0,"name":"Shaded","section":"Shading Mode"},"sceneLighting":false,"audioPlay":false,"sceneViewState":{"showFog":true,"showMaterialUpdate":false,"showSkybox":false,"showFlares":true,"showImageEffects":true,"showParticleSystems":true},"in2DMode":false,"pivot":{"x":0.0,"y":0.790907621383667,"z":-0.0028835535049438478},"rotation":{"x":0.025806784629821779,"y":-0.001504012499935925,"z":0.000038846868847031146,"w":0.9996662735939026},"size":1.6542986631393433,"orthographic":false}