{"cameraMode":{"drawMode":0,"name":"Shaded","section":"Shading Mode"},"sceneLighting":false,"audioPlay":false,"sceneViewState":{"showFog":true,"showMaterialUpdate":false,"showSkybox":false,"showFlares":true,"showImageEffects":true,"showParticleSystems":true},"in2DMode":false,"pivot":{"x":-0.011332988739013672,"y":1.0191540718078614,"z":0.4349428415298462},"rotation":{"x":-0.11257325857877732,"y":0.7019504904747009,"z":-0.11386353522539139,"w":-0.6939950585365295},"size":1.2247449159622193,"orthographic":false}