{"cameraMode":{"drawMode":0,"name":"Shaded","section":"Shading Mode"},"sceneLighting":false,"audioPlay":false,"sceneViewState":{"showFog":true,"showMaterialUpdate":false,"showSkybox":false,"showFlares":true,"showImageEffects":true,"showParticleSystems":true},"in2DMode":false,"pivot":{"x":0.6999411582946777,"y":1.4274241924285889,"z":-1.562528371810913},"rotation":{"x":-0.09256284683942795,"y":-0.5321131348609924,"z":0.05867056921124458,"w":-0.8395581245422363},"size":3.1785733699798586,"orthographic":false}