{"cameraMode":{"drawMode":0,"name":"Shaded","section":"Shading Mode"},"sceneLighting":false,"audioPlay":false,"sceneViewState":{"showFog":true,"showMaterialUpdate":false,"showSkybox":false,"showFlares":true,"showImageEffects":true,"showParticleSystems":true},"in2DMode":false,"pivot":{"x":-0.09729558229446411,"y":1.2976436614990235,"z":0.2334132194519043},"rotation":{"x":-0.13312743604183198,"y":-0.06477389484643936,"z":0.008720463141798973,"w":-0.9889511466026306},"size":3.1307780742645265,"orthographic":false}