{"cameraMode":{"drawMode":0,"name":"Shaded","section":"Shading Mode"},"sceneLighting":true,"audioPlay":false,"sceneViewState":{"showFog":true,"showMaterialUpdate":false,"showSkybox":true,"showFlares":true,"showImageEffects":true,"showParticleSystems":true},"in2DMode":false,"pivot":{"x":-61.96421813964844,"y":-13.0737886428833,"z":162.00924682617188},"rotation":{"x":-0.08507078886032105,"y":0.21846362948417664,"z":-0.019166303798556329,"w":-0.9719796180725098},"size":107.00090789794922,"orthographic":false}