{"cameraMode":{"drawMode":0,"name":"Shaded","section":"Shading Mode"},"sceneLighting":true,"audioPlay":false,"sceneViewState":{"showFog":true,"showMaterialUpdate":false,"showSkybox":true,"showFlares":true,"showImageEffects":true,"showParticleSystems":true},"in2DMode":false,"pivot":{"x":201.5020751953125,"y":303.1461486816406,"z":-105.88421630859375},"rotation":{"x":-0.11837086826562882,"y":-0.051513928920030597,"z":0.006149367429316044,"w":-0.9916146397590637},"size":319.7809753417969,"orthographic":false}