{"cameraMode":{"drawMode":0,"name":"Shaded","section":"Shading Mode"},"sceneLighting":true,"audioPlay":false,"sceneViewState":{"showFog":true,"showMaterialUpdate":false,"showSkybox":true,"showFlares":true,"showImageEffects":true,"showParticleSystems":true},"in2DMode":false,"pivot":{"x":-1.9625656604766846,"y":-0.6720584630966187,"z":-22.66368293762207},"rotation":{"x":0.13305328786373139,"y":-0.07278307527303696,"z":0.00979919359087944,"w":0.9884059429168701},"size":10.0,"orthographic":false}