{"cameraMode":{"drawMode":0,"name":"Shaded","section":"Shading Mode"},"sceneLighting":true,"audioPlay":false,"sceneViewState":{"showFog":true,"showMaterialUpdate":true,"showSkybox":true,"showFlares":true,"showImageEffects":true,"showParticleSystems":true},"in2DMode":false,"pivot":{"x":-1.1911545991897584,"y":3.3463034629821779,"z":-0.20117759704589845},"rotation":{"x":-0.040703851729631427,"y":0.06798866391181946,"z":-0.0027759126387536527,"w":-0.9968549609184265},"size":11.696036338806153,"orthographic":false}