{"cameraMode":{"drawMode":0,"name":"Shaded","section":"Shading Mode"},"sceneLighting":true,"audioPlay":false,"sceneViewState":{"showFog":true,"showMaterialUpdate":true,"showSkybox":true,"showFlares":true,"showImageEffects":true,"showParticleSystems":true},"in2DMode":false,"pivot":{"x":-1.747812271118164,"y":3.7153263092041017,"z":-13.285453796386719},"rotation":{"x":-0.263175368309021,"y":0.3518504798412323,"z":-0.10378474742174149,"w":-0.8923112154006958},"size":13.481416702270508,"orthographic":false}