{"cameraMode":{"drawMode":0,"name":"Shaded","section":"Shading Mode"},"sceneLighting":true,"audioPlay":false,"sceneViewState":{"showFog":true,"showMaterialUpdate":false,"showSkybox":true,"showFlares":true,"showImageEffects":true,"showParticleSystems":true},"in2DMode":false,"pivot":{"x":-174.43907165527345,"y":38.90546417236328,"z":-131.09156799316407},"rotation":{"x":-0.03380994126200676,"y":-0.8836191296577454,"z":-0.06484665721654892,"w":0.4626491963863373},"size":117.51276397705078,"orthographic":false}