{"cameraMode":{"drawMode":0,"name":"Shaded","section":"Shading Mode"},"sceneLighting":true,"audioPlay":false,"sceneViewState":{"showFog":true,"showMaterialUpdate":true,"showSkybox":true,"showFlares":true,"showImageEffects":true,"showParticleSystems":true},"in2DMode":false,"pivot":{"x":22.612430572509767,"y":-30.114761352539064,"z":34.443321228027347},"rotation":{"x":-0.3322601020336151,"y":-0.2444656938314438,"z":0.08959992974996567,"w":-0.9065420627593994},"size":51.21431350708008,"orthographic":false}