{"cameraMode":{"drawMode":0,"name":"Shaded","section":"Shading Mode"},"sceneLighting":true,"audioPlay":false,"sceneViewState":{"showFog":true,"showMaterialUpdate":false,"showSkybox":true,"showFlares":true,"showImageEffects":true,"showParticleSystems":true},"in2DMode":false,"pivot":{"x":2.161325454711914,"y":4.708910942077637,"z":7.2055983543396},"rotation":{"x":0.00015230321150738746,"y":0.9948313236236572,"z":0.0014922474510967732,"w":-0.10152848809957504},"size":2.200824737548828,"orthographic":false}